{"cameraMode":{"drawMode":0,"name":"Shaded","section":"Shading Mode"},"sceneLighting":true,"audioPlay":false,"sceneViewState":{"m_AlwaysRefresh":true,"showFog":true,"showSkybox":true,"showFlares":true,"showImageEffects":true,"showParticleSystems":true,"showVisualEffectGraphs":true,"m_FxEnabled":true},"in2DMode":false,"pivot":{"x":-8.595956802368164,"y":0.07216709852218628,"z":20.330890655517579},"rotation":{"x":0.01363283395767212,"y":-0.4550698399543762,"z":0.006966776214540005,"w":0.8903400897979736},"size":12.12435531616211,"orthographic":false}