{"cameraMode":{"drawMode":0,"name":"Shaded","section":"Shading Mode"},"sceneLighting":true,"audioPlay":false,"sceneViewState":{"m_AlwaysRefresh":true,"showFog":true,"showSkybox":true,"showFlares":true,"showImageEffects":true,"showParticleSystems":true,"showVisualEffectGraphs":true,"m_FxEnabled":true},"in2DMode":false,"pivot":{"x":-37.83803176879883,"y":2.2328176498413088,"z":-35.471839904785159},"rotation":{"x":-0.013986263424158097,"y":0.8930101990699768,"z":-0.028235727921128274,"w":-0.44908636808395388},"size":13.11951732635498,"orthographic":false}